/*
SQLyog 企业版 - MySQL GUI v8.14 
MySQL - 5.7.38 : Database - spring_security
*********************************************************************
*/

/*!40101 SET NAMES utf8 */;

/*!40101 SET SQL_MODE=''*/;

/*!40014 SET @OLD_UNIQUE_CHECKS=@@UNIQUE_CHECKS, UNIQUE_CHECKS=0 */;
/*!40014 SET @OLD_FOREIGN_KEY_CHECKS=@@FOREIGN_KEY_CHECKS, FOREIGN_KEY_CHECKS=0 */;
/*!40101 SET @OLD_SQL_MODE=@@SQL_MODE, SQL_MODE='NO_AUTO_VALUE_ON_ZERO' */;
/*!40111 SET @OLD_SQL_NOTES=@@SQL_NOTES, SQL_NOTES=0 */;
CREATE DATABASE /*!32312 IF NOT EXISTS*/`spring_security` /*!40100 DEFAULT CHARACTER SET utf8 */;

USE `spring_security`;

/*Table structure for table `menu` */

DROP TABLE IF EXISTS `menu`;

CREATE TABLE `menu` (
  `id` varchar(30) NOT NULL COMMENT '主键',
  `menu_name` varchar(100) DEFAULT NULL COMMENT '菜单名称',
  `parent_id` varchar(30) DEFAULT NULL COMMENT '父id',
  `order_num` int(10) DEFAULT NULL COMMENT '排序',
  `path` varchar(200) DEFAULT NULL COMMENT '路径',
  `perms` varchar(200) DEFAULT NULL COMMENT '权限标识',
  `menu_type` varchar(2) DEFAULT NULL COMMENT '类型，M目录 C菜单 F按钮',
  `create_time` datetime DEFAULT NULL COMMENT '创建时间',
  `update_time` datetime DEFAULT NULL COMMENT '修改时间',
  `remark` varchar(300) DEFAULT NULL COMMENT '备注',
  `icon` varchar(50) DEFAULT NULL COMMENT '图标',
  PRIMARY KEY (`id`)
) ENGINE=InnoDB DEFAULT CHARSET=utf8;

/*Data for the table `menu` */

insert  into `menu`(`id`,`menu_name`,`parent_id`,`order_num`,`path`,`perms`,`menu_type`,`create_time`,`update_time`,`remark`,`icon`) values ('1','系统管理','0',1,NULL,NULL,'M','2023-03-29 22:52:01','2023-03-29 22:52:01','系统管理目录','el-icon-setting'),('1640986005525557249','菜单管理','1',11,'/system/menu/indexView','system:menu:view','C','2023-03-31 21:55:09','2023-03-31 21:55:09',NULL,'el-icon-menu'),('1640986005525557250','角色管理','1',13,'/system/role/indexView','system:role:view','C','2023-03-29 21:55:26','2023-03-31 21:56:19','','el-icon-coordinate'),('1641618608557465602','用户管理','1',12,'/user/indexView','system:user:view','C','2023-03-31 21:49:11','2023-03-31 21:54:19','','el-icon-user-solid'),('1641619070966898690','用户角色授权','1',15,'/system/userRole/indexView','system:userRole:view','C','2023-03-31 21:51:01','2023-03-31 21:54:40','给用户分配角色信息','el-icon-info'),('1641619450559799298','角色菜单授权','1',14,'/system/roleMenu/indexView','system:roleMenu:view','C','2023-03-31 21:52:31','2023-03-31 21:54:32','把菜单分配给角色','el-icon-c-scale-to-original  '),('1641625732524093442','查询','1641618608557465602',121,'','system:user:query','F','2023-03-31 21:17:29',NULL,'',''),('1641626276869255169','新增','1641618608557465602',122,'','system:user:add','F','2023-03-31 21:19:39',NULL,'',''),('1641626433018998786','修改','1641618608557465602',123,'','system:user:update','F','2023-03-31 21:20:16',NULL,'',''),('1641626544000282625','删除','1641618608557465602',124,'','system:user:delete','F','2023-03-31 21:20:43',NULL,'',''),('1641659995436957698','查询','1640986005525557249',111,'','system:menu:query','F','2023-03-31 21:33:38',NULL,'',''),('1641660273544478722','新增','1640986005525557249',112,'','system:menu:add','F','2023-03-31 21:34:44','2023-03-31 21:35:22','',''),('1641661005559578625','修改','1640986005525557249',113,'','system:menu:update','F','2023-03-31 21:37:39',NULL,'',''),('1641661502311972866','删除','1640986005525557249',114,'','system:menu:delete','F','2023-03-31 21:39:37',NULL,'',''),('1641672657713602561','查询','1640986005525557250',131,'','system:role:query','F','2023-03-31 21:23:57',NULL,'',''),('1641672748293791746','新增','1640986005525557250',132,'','system:role:add','F','2023-03-31 21:24:19',NULL,'',''),('1641672858989862914','修改','1640986005525557250',133,'','system:role:update','F','2023-03-31 21:24:45','2023-03-31 21:25:24','',''),('1641672977105657858','删除','1640986005525557250',134,'','system:role:delete','F','2023-03-31 21:25:13',NULL,'',''),('1641673333277564930','查询','1641619450559799298',141,'','system:role:query','F','2023-03-31 21:26:38','2023-03-31 21:28:03','',''),('1641673893733048321','保存','1641619450559799298',142,'','system:roleMenu:save','F','2023-03-31 21:28:52',NULL,'',''),('1641674127708102658','查询','1641619070966898690',151,'','system:user:query','F','2023-03-31 21:29:48',NULL,'',''),('1641674375549526018','保存','1641619070966898690',152,'','system:userRole:save','F','2023-03-31 21:30:47','2023-03-31 21:30:58','',''),('1642523770848550914','任务管理','0',2,'','','M','2023-04-02 21:45:42',NULL,'','el-icon-picture-outline-round'),('1642524260076363777','定时任务管理','1642523770848550914',21,'/task/scheduleTask/indexView','task:scheduleTask:view','C','2023-04-02 21:47:55',NULL,'','el-icon-box'),('1642524832691134466','新增','1642524260076363777',211,'','task:scheduleTask:add','F','2023-04-02 21:50:11',NULL,'',''),('1642524972311126018','修改','1642524260076363777',212,'','task:scheduleTask:update','F','2023-04-02 21:50:45',NULL,'',''),('1642525056201400321','删除','1642524260076363777',213,'','task:scheduleTask:delete','F','2023-04-02 21:51:05',NULL,'',''),('1642525201102020610','启动','1642524260076363777',214,'','task:scheduleTask:start','F','2023-04-02 21:51:39',NULL,'',''),('1642525304244150274','停止','1642524260076363777',215,'','task:scheduleTask:stop','F','2023-04-02 21:52:04',NULL,'','');

/*Table structure for table `role` */

DROP TABLE IF EXISTS `role`;

CREATE TABLE `role` (
  `id` varchar(30) NOT NULL COMMENT '主键',
  `role_name` varchar(100) NOT NULL COMMENT '角色名称',
  `role_key` varchar(100) NOT NULL COMMENT '权限标识',
  PRIMARY KEY (`id`) USING BTREE
) ENGINE=InnoDB DEFAULT CHARSET=utf8 ROW_FORMAT=DYNAMIC;

/*Data for the table `role` */

insert  into `role`(`id`,`role_name`,`role_key`) values ('1641695590876028929','超级管理员','ROLE_230331145500004'),('1641695641870376962','一般管理员','ROLE_230331145500016'),('1641808161580105730','中层管理员','ROLE_230331222200023');

/*Table structure for table `role_menu` */

DROP TABLE IF EXISTS `role_menu`;

CREATE TABLE `role_menu` (
  `id` varchar(30) NOT NULL COMMENT '主键',
  `role_id` varchar(30) DEFAULT NULL COMMENT '权限id ',
  `menu_id` varchar(30) DEFAULT NULL COMMENT '菜单id ',
  PRIMARY KEY (`id`)
) ENGINE=InnoDB DEFAULT CHARSET=utf8;

/*Data for the table `role_menu` */

insert  into `role_menu`(`id`,`role_id`,`menu_id`) values ('1641809222298615809','1641695641870376962','1'),('1641809222298615810','1641695641870376962','1640986005525557249'),('1641809222298615811','1641695641870376962','1641659995436957698'),('1641809222298615812','1641695641870376962','1641618608557465602'),('1641809222298615813','1641695641870376962','1641625732524093442'),('1641809222298615814','1641695641870376962','1640986005525557250'),('1641809222298615815','1641695641870376962','1641672657713602561'),('1641809222298615816','1641695641870376962','1641619450559799298'),('1641809222298615817','1641695641870376962','1641673333277564930'),('1641809222298615818','1641695641870376962','1641619070966898690'),('1641809222298615819','1641695641870376962','1641674127708102658'),('1641809402234257410','1641808161580105730','1'),('1641809402234257411','1641808161580105730','1640986005525557249'),('1641809402234257412','1641808161580105730','1641659995436957698'),('1641809402234257413','1641808161580105730','1641660273544478722'),('1641809402234257414','1641808161580105730','1641661005559578625'),('1641809402234257415','1641808161580105730','1641618608557465602'),('1641809402234257416','1641808161580105730','1641625732524093442'),('1641809402234257417','1641808161580105730','1641626276869255169'),('1641809402234257418','1641808161580105730','1641626433018998786'),('1641809402234257419','1641808161580105730','1640986005525557250'),('1641809402234257420','1641808161580105730','1641672657713602561'),('1641809402234257421','1641808161580105730','1641672748293791746'),('1641809402234257422','1641808161580105730','1641672858989862914'),('1641809402234257423','1641808161580105730','1641619450559799298'),('1641809402234257424','1641808161580105730','1641673333277564930'),('1641809402234257425','1641808161580105730','1641673893733048321'),('1641809402234257426','1641808161580105730','1641619070966898690'),('1641809402234257427','1641808161580105730','1641674127708102658'),('1641809402234257428','1641808161580105730','1641674375549526018'),('1642544041919901698','1641695590876028929','1'),('1642544041919901699','1641695590876028929','1640986005525557249'),('1642544041919901700','1641695590876028929','1641659995436957698'),('1642544041919901701','1641695590876028929','1641660273544478722'),('1642544041987010562','1641695590876028929','1641661005559578625'),('1642544041987010563','1641695590876028929','1641661502311972866'),('1642544041987010564','1641695590876028929','1641618608557465602'),('1642544041987010565','1641695590876028929','1641625732524093442'),('1642544041987010566','1641695590876028929','1641626276869255169'),('1642544041987010567','1641695590876028929','1641626433018998786'),('1642544041987010568','1641695590876028929','1641626544000282625'),('1642544041987010569','1641695590876028929','1640986005525557250'),('1642544041987010570','1641695590876028929','1641672657713602561'),('1642544041987010571','1641695590876028929','1641672748293791746'),('1642544041987010572','1641695590876028929','1641672858989862914'),('1642544041987010573','1641695590876028929','1641672977105657858'),('1642544041987010574','1641695590876028929','1641619450559799298'),('1642544041987010575','1641695590876028929','1641673333277564930'),('1642544041987010576','1641695590876028929','1641673893733048321'),('1642544041987010577','1641695590876028929','1641619070966898690'),('1642544041987010578','1641695590876028929','1641674127708102658'),('1642544041987010579','1641695590876028929','1641674375549526018'),('1642544041987010580','1641695590876028929','1642523770848550914'),('1642544041987010581','1641695590876028929','1642524260076363777'),('1642544041987010582','1641695590876028929','1642524832691134466'),('1642544041987010583','1641695590876028929','1642524972311126018'),('1642544041987010584','1641695590876028929','1642525056201400321'),('1642544041987010585','1641695590876028929','1642525201102020610'),('1642544041987010586','1641695590876028929','1642525304244150274');

/*Table structure for table `schedule_task` */

DROP TABLE IF EXISTS `schedule_task`;

CREATE TABLE `schedule_task` (
  `job_id` varchar(30) NOT NULL COMMENT '任务ID',
  `bean_name` varchar(255) DEFAULT NULL COMMENT 'bean名称',
  `method_name` varchar(255) DEFAULT NULL COMMENT '方法名称',
  `method_params` varchar(255) DEFAULT NULL COMMENT '方法参数',
  `cron_expression` varchar(255) DEFAULT NULL COMMENT 'cron表达式',
  `remark` varchar(255) DEFAULT NULL COMMENT '备注',
  `job_status` int(11) DEFAULT NULL COMMENT '状态(1正常 0暂停)',
  `create_time` datetime DEFAULT NULL COMMENT '创建时间',
  `update_time` datetime DEFAULT NULL COMMENT '修改时间',
  PRIMARY KEY (`job_id`)
) ENGINE=InnoDB DEFAULT CHARSET=utf8;

/*Data for the table `schedule_task` */

insert  into `schedule_task`(`job_id`,`bean_name`,`method_name`,`method_params`,`cron_expression`,`remark`,`job_status`,`create_time`,`update_time`) values ('1642541681478856705','taskDemo','taskByParams','2023-04','0 */1 * * * ?','测试有参数的任务',1,'2023-04-02 22:57:08','2023-04-02 22:57:08'),('1642542654213451778','taskDemo','taskNoParams','','0 */1 * * * ?','测试无参任务执行',1,'2023-04-02 23:01:00','2023-04-02 23:01:00');

/*Table structure for table `user` */

DROP TABLE IF EXISTS `user`;

CREATE TABLE `user` (
  `id` varchar(30) NOT NULL COMMENT '主键',
  `username` varchar(32) DEFAULT NULL COMMENT '用户名',
  `password` varchar(255) DEFAULT NULL COMMENT '密码',
  `phone` varchar(30) DEFAULT NULL COMMENT '手机号',
  `sex` char(1) DEFAULT NULL COMMENT '性别 1男 2女',
  `address` varchar(300) DEFAULT NULL COMMENT '地址',
  `nick_name` varchar(100) DEFAULT NULL COMMENT '昵称',
  PRIMARY KEY (`id`) USING BTREE
) ENGINE=InnoDB DEFAULT CHARSET=utf8 ROW_FORMAT=DYNAMIC;

/*Data for the table `user` */

insert  into `user`(`id`,`username`,`password`,`phone`,`sex`,`address`,`nick_name`) values ('0','admin','$2a$10$ZoT3UVS1Q3VQGWWyx1IZBehek2LwDlmzsKaP.zC2LgAhg36v1FRXS','18888888888','1','贵州省贵阳市云岩区天上人间小区','超级管理员'),('1641806142588960769','root','$2a$10$5suuD1YK0b.HSwhz2yO1c.w2PXGwD8BBsc1Tj2z5jdNf0lgHtGXo2','18555886633','1','贵州省贵阳市','靓仔'),('1641807609823608834','ssman','$2a$10$ZoT3UVS1Q3VQGWWyx1IZBehek2LwDlmzsKaP.zC2LgAhg36v1FRXS','18666888866','1','蓬莱东路','最靓的仔');

/*Table structure for table `user_role` */

DROP TABLE IF EXISTS `user_role`;

CREATE TABLE `user_role` (
  `id` varchar(30) NOT NULL COMMENT 'id',
  `user_id` varchar(30) DEFAULT NULL COMMENT '用户id',
  `role_id` varchar(30) DEFAULT NULL COMMENT '角色id',
  PRIMARY KEY (`id`) USING BTREE
) ENGINE=InnoDB DEFAULT CHARSET=utf8 ROW_FORMAT=DYNAMIC;

/*Data for the table `user_role` */

insert  into `user_role`(`id`,`user_id`,`role_id`) values ('1641759525914386433','1','1641695641870376962'),('1641810162527354882','1641806142588960769','1641695641870376962'),('1641811065007333378','1641807609823608834','1641808161580105730'),('7','6','2');

/*!40101 SET SQL_MODE=@OLD_SQL_MODE */;
/*!40014 SET FOREIGN_KEY_CHECKS=@OLD_FOREIGN_KEY_CHECKS */;
/*!40014 SET UNIQUE_CHECKS=@OLD_UNIQUE_CHECKS */;
/*!40111 SET SQL_NOTES=@OLD_SQL_NOTES */;
